key_id,Full Context,Cosine RAG,ET-RAG
LA1,0.92,0.893,0.9
LA10,0.653,0.88,0.88
LA2,0.9,0.897,0.887
LA3,0.92,0.92,0.9
LA4,0.0,0.89,0.893
LA5,0.0,0.713,0.713
LA6,0.92,0.92,0.91
LA7,0.88,0.88,0.88
LA8,0.867,0.767,0.78
LA9,0.92,0.91,0.89
MC1,1.0,1.0,1.0
MC10,0.333,0.333,0.0
MC2,0.167,0.417,0.75
MC3,0.222,0.0,0.333
MC4,0.0,0.333,1.0
MC5,0.0,0.222,0.0
MC6,0.0,0.0,1.0
MC7,0.333,1.0,1.0
MC8,0.5,0.0,0.333
MC9,0.667,0.667,0.667
SA1,0.92,0.88,0.89
SA10,0.813,0.8,0.88
SA2,0.713,0.6,0.88
SA3,1.0,0.867,0.893
SA4,0.92,0.88,0.913
SA5,0.907,0.853,0.89
SA6,0.907,0.88,0.897
SA7,0.887,0.78,0.88
SA8,0.92,0.893,0.9
SA9,0.0,0.887,0.92
SC1,1.0,1.0,1.0
SC10,1.0,1.0,1.0
SC2,1.0,0.333,1.0
SC3,1.0,1.0,1.0
SC4,1.0,1.0,1.0
SC5,1.0,1.0,1.0
SC6,1.0,1.0,1.0
SC7,1.0,1.0,0.0
SC8,1.0,1.0,1.0
SC9,0.0,1.0,1.0
