round_number,config_order,agent_family,invocation_source,config_id,configuration,enabled_components,similarity_weight,evidence_weight,temporal_weight,question_number,question,options,correct_answer_key,correct_answer_text,predicted_answer_key,is_correct,confidence,execution_time_sec,base_retrieval_time_sec,option_retrieval_time_sec,candidate_count,top_chunk_count,mean_top_retrieval_score,hybrid_context,per_option_retrieval,quality_check,quality_changed,source_files,draft_answer,final_answer
1,5,ET-RAG,test.agent_etrag,A5,Full ET-RAG,cosine retrieval + evidence quality + temporal recency + hybrid paper context + per-option retrieval + quality check,0.5,0.3,0.2,1,Which protein is considered a hallmark of Alzheimer’s disease (AD) pathology?,A. α-synuclein | B. Amyloid-beta (Aβ) | C. Huntingtin | D. Dopamine,B,Amyloid-beta (Aβ),B,True,0.754142,7.457,2.857,1.201,41,20,0.583262,True,True,True,False,2023-oxidative-damage-in-neurodegeneration-roles-in-the-pathogenesis-and-progression-of-alzheimer-disease.pdf | 2024 Advancements and Challenges in Antiamyloid Therapy for.pdf | 2024 Cell type-specific roles of APOE4 in Alzheimer disease.pdf | 2024 Neuroinflammation in Alzheimer disease.pdf | alzheimer disease  2021.pdf,"B. Amyloid-beta (Aβ) is considered a hallmark of Alzheimer’s disease (AD) pathology, as it is biologically defined by the presence of β-amyloid-containing plaques and tau-containing neurofibrillary tangles (Alzheimer disease, 2021).","B. Amyloid-beta (Aβ) is considered a hallmark of Alzheimer’s disease (AD) pathology, as it is biologically defined by the presence of β-amyloid-containing plaques and tau-containing neurofibrillary tangles (Alzheimer disease, 2021). The pathology of canonical AD dementia involves Aβ-containing extracellular neuritic plaques found throughout the cerebral cortex and tau-containing neurofibrillary tangles that occur initially in the medial temporal lobe (Alzheimer disease, 2021)."
1,5,ET-RAG,test.agent_etrag,A5,Full ET-RAG,cosine retrieval + evidence quality + temporal recency + hybrid paper context + per-option retrieval + quality check,0.5,0.3,0.2,2,What type of sleep disorder is commonly associated with increased AD risk?,A. Narcolepsy | B. Insomnia | C. Obstructive sleep apnea (OSA) | D. Sleepwalking,C,Obstructive sleep apnea (OSA),C,True,0.735432,7.879,2.746,1.322,22,20,0.529807,True,True,True,False,2023-oxidative-damage-in-neurodegeneration-roles-in-the-pathogenesis-and-progression-of-alzheimer-disease.pdf | 2024 Advancements and Challenges in Antiamyloid Therapy for.pdf | 2024 Cell type-specific roles of APOE4 in Alzheimer disease.pdf | 2024 Immune Activation in Alzheimer Disease.pdf | 2024 Linking activity dyshomeostasis and sleep disturbances in Alzheimer disease.pdf | 2024 Neuroinflammation in Alzheimer disease.pdf | 2025 Updates on mouse models of Alzheimer’s disease.pdf | alzheimer disease  2021.pdf,"C. Obstructive sleep apnea (OSA) is commonly associated with increased AD risk. Sleep disorders, particularly OSA, can exacerbate cognitive decline and are linked to the pathophysiology of Alzheimer's disease (AD) by affecting neuronal activity and sleep quality (Linking activity dyshomeostasis and sleep disturbances in Alzheimer disease, 2024).","C. Obstructive sleep apnea (OSA) is commonly associated with increased AD risk. Sleep disorders, particularly OSA, can exacerbate cognitive decline and are linked to the pathophysiology of Alzheimer's disease (AD) by affecting neuronal activity and sleep quality (Linking activity dyshomeostasis and sleep disturbances in Alzheimer disease, 2024)."
1,5,ET-RAG,test.agent_etrag,A5,Full ET-RAG,cosine retrieval + evidence quality + temporal recency + hybrid paper context + per-option retrieval + quality check,0.5,0.3,0.2,3,Which imaging modality was first introduced to visualize brain amyloid in AD?,A. CT | B. MRI | C. Aβ-PET | D. SPECT,C,Aβ-PET,C,True,0.753407,10.35,2.749,1.024,28,20,0.581162,True,True,True,False,2023-oxidative-damage-in-neurodegeneration-roles-in-the-pathogenesis-and-progression-of-alzheimer-disease.pdf | 2024 Advancements and Challenges in Antiamyloid Therapy for.pdf | 2024 Immune Activation in Alzheimer Disease.pdf | 2024 Neuroinflammation in Alzheimer disease.pdf | 2025 Updates on mouse models of Alzheimer’s disease.pdf | alzheimer disease  2021.pdf,"C. Aβ-PET

The introduction of Aβ-PET imaging in 2004 clarified the roles of FDG-PET and MRI in evaluating patients with cognitive impairment, specifically for visualizing brain amyloid in Alzheimer disease (AD) (Alzheimer disease, 2021).","C. Aβ-PET

The introduction of Aβ-PET imaging in 2004 clarified the roles of FDG-PET and MRI in evaluating patients with cognitive impairment, specifically for visualizing brain amyloid in Alzheimer disease (AD) (Alzheimer disease, 2021). Aβ-PET markers allow for the direct visualization of Aβ plaque accumulation, increasing the precision of AD diagnosis and enabling a real-time view of the evolution of β-amyloidosis over time (Alzheimer disease, 2021)."
1,5,ET-RAG,test.agent_etrag,A5,Full ET-RAG,cosine retrieval + evidence quality + temporal recency + hybrid paper context + per-option retrieval + quality check,0.5,0.3,0.2,4,Which gut-related intervention shows potential for AD treatment?,A. Probiotics | B. Vitamin D | C. Antibiotics | D. Statins,A,Probiotics,A,True,0.742452,9.765,3.605,1.335,8,8,0.549864,True,True,True,False,2023-oxidative-damage-in-neurodegeneration-roles-in-the-pathogenesis-and-progression-of-alzheimer-disease.pdf | 2024 Advancements and Challenges in Antiamyloid Therapy for.pdf | 2024 Immune Activation in Alzheimer Disease.pdf | 2024 Neuroinflammation in Alzheimer disease.pdf | 2025 Updates on mouse models of Alzheimer’s disease.pdf | Recent advances in Alzheimer’s disease mechanisms clinical trials and new drug development strategies.pdf | alzheimer disease  2021.pdf,"A. Probiotics

Probiotics, specifically Bifidobacterium and Lactobacillus species, have shown potential in improving blood-brain barrier integrity and memory deficits in mouse models of Alzheimer's disease (AD) after antibiotic-induced microbiome depletion (Neuroinflammation in Alzheimer disease, 2024).","A. Probiotics

Probiotics, specifically Bifidobacterium and Lactobacillus species, have shown potential in improving blood-brain barrier integrity and memory deficits in mouse models of Alzheimer's disease (AD) after antibiotic-induced microbiome depletion (Neuroinflammation in Alzheimer disease, 2024). Therapy with these probiotics after antibiotic administration improves blood-brain barrier integrity and memory deficits in mouse models of AD (Neuroinflammation in Alzheimer disease, 2024). This suggests that probiotics may play a beneficial role in AD treatment by modulating gut microbiota and enhancing cognitive function."
1,5,ET-RAG,test.agent_etrag,A5,Full ET-RAG,cosine retrieval + evidence quality + temporal recency + hybrid paper context + per-option retrieval + quality check,0.5,0.3,0.2,5,What is the typical spacing used in the Tallapoosa tract for loblolly pine?,A. 4x4 ft | B. 6x6 ft | C. 6x12 ft | D. 8x10 ft,NOT_COVERED,Not Covered,NOT_COVERED,True,0.92,5.555,2.614,1.09,15,15,0.519852,True,True,True,False,2023-oxidative-damage-in-neurodegeneration-roles-in-the-pathogenesis-and-progression-of-alzheimer-disease.pdf | 2024 Advancements and Challenges in Antiamyloid Therapy for.pdf | 2024 Cell type-specific roles of APOE4 in Alzheimer disease.pdf | 2024 Immune Activation in Alzheimer Disease.pdf | 2024 Linking activity dyshomeostasis and sleep disturbances in Alzheimer disease.pdf | 2025 Updates on mouse models of Alzheimer’s disease.pdf | Recent advances in Alzheimer’s disease mechanisms clinical trials and new drug development strategies.pdf | alzheimer disease  2021.pdf,Not covered.,Not covered.
1,5,ET-RAG,test.agent_etrag,A5,Full ET-RAG,cosine retrieval + evidence quality + temporal recency + hybrid paper context + per-option retrieval + quality check,0.5,0.3,0.2,6,The A-T-N biomarker framework includes tau as which letter?,A. A | B. T | C. N | D. None,B,T,B,True,0.746497,11.229,2.904,1.364,22,20,0.561419,True,True,True,False,2023-oxidative-damage-in-neurodegeneration-roles-in-the-pathogenesis-and-progression-of-alzheimer-disease.pdf | 2024 Advancements and Challenges in Antiamyloid Therapy for.pdf | 2024 Cell type-specific roles of APOE4 in Alzheimer disease.pdf | 2024 Immune Activation in Alzheimer Disease.pdf | 2024 Neuroinflammation in Alzheimer disease.pdf | 2025 Updates on mouse models of Alzheimer’s disease.pdf | alzheimer disease  2021.pdf,"B. T

In the A-T-N biomarker framework, tau is represented by the letter ""T,"" indicating abnormal tau protein levels, which are crucial for diagnosing Alzheimer's disease (AD) (Alzheimer disease, 2021).","B. T

In the A-T-N biomarker framework, tau is represented by the letter ""T,"" indicating abnormal tau protein levels, which are crucial for diagnosing Alzheimer's disease (AD) (Alzheimer disease, 2021). The framework classifies biomarkers into three categories: A for amyloid, T for tau, and N for neurodegeneration, with tau biomarkers being essential for assessing tau pathology in AD (Alzheimer disease, 2021)."
1,5,ET-RAG,test.agent_etrag,A5,Full ET-RAG,cosine retrieval + evidence quality + temporal recency + hybrid paper context + per-option retrieval + quality check,0.5,0.3,0.2,7,Which age group is most at risk for cognitive disorders–associated AD?,A. <40 years | B. 40–65 years | C. 65–90 years | D. >90 years,D,>90 years,C,False,0.748364,8.37,3.46,1.044,26,20,0.566755,True,True,True,False,2023-oxidative-damage-in-neurodegeneration-roles-in-the-pathogenesis-and-progression-of-alzheimer-disease.pdf | 2024 Linking activity dyshomeostasis and sleep disturbances in Alzheimer disease.pdf | 2024 Neuroinflammation in Alzheimer disease.pdf | 2025 Updates on mouse models of Alzheimer’s disease.pdf | alzheimer disease  2021.pdf,"C. 65–90 years

The prevalence of overt cognitive impairment increases exponentially with advancing age, particularly after 65 years, with the incidence of dementia rising steeply in this age group (Alzheimer disease, 2021). Additionally, the fastest-growing demographic segment at risk for cognitive disorders is the oldest-old group (people aged >90 years), which has the highest risk of multi-aetiology dementia (Alzheimer disease, 2021).","C. 65–90 years

The prevalence of overt cognitive impairment increases exponentially with advancing age, particularly after 65 years, with the incidence of dementia rising steeply in this age group (Alzheimer disease, 2021). Additionally, the fastest-growing demographic segment at risk for cognitive disorders is the oldest-old group (people aged >90 years), which has the highest risk of multi-aetiology dementia (Alzheimer disease, 2021)."
1,5,ET-RAG,test.agent_etrag,A5,Full ET-RAG,cosine retrieval + evidence quality + temporal recency + hybrid paper context + per-option retrieval + quality check,0.5,0.3,0.2,8,Which sleep stage is critical for metabolite clearance from the brain?,A. REM sleep | B. NREM sleep | C. Light sleep | D. Awake state,B,NREM sleep,B,True,0.735286,12.095,4.572,1.01,15,15,0.529388,True,True,True,False,2023-oxidative-damage-in-neurodegeneration-roles-in-the-pathogenesis-and-progression-of-alzheimer-disease.pdf | 2024 Advancements and Challenges in Antiamyloid Therapy for.pdf | 2024 Immune Activation in Alzheimer Disease.pdf | 2024 Linking activity dyshomeostasis and sleep disturbances in Alzheimer disease.pdf | 2025 Updates on mouse models of Alzheimer’s disease.pdf | Recent advances in Alzheimer’s disease mechanisms clinical trials and new drug development strategies.pdf | alzheimer disease  2021.pdf,"B. NREM sleep

NREM sleep is critical for metabolite clearance from the brain, particularly during the glymphatic system's activity, which is enhanced during this sleep stage. This process is essential for the clearance of amyloid-beta (Aβ) and other waste products, as highlighted in ""Linking activity dyshomeostasis and sleep disturbances in Alzheimer disease"" (2024).","B. NREM sleep

NREM sleep is critical for metabolite clearance from the brain, particularly during the glymphatic system's activity, which is enhanced during this sleep stage. This process is essential for the clearance of amyloid-beta (Aβ) and other waste products, as highlighted in ""Linking activity dyshomeostasis and sleep disturbances in Alzheimer disease"" (2024). The review emphasizes that Aβ production and release are higher during wakefulness, while clearance through the glymphatic system is more effective during sleep, particularly NREM sleep."
1,5,ET-RAG,test.agent_etrag,A5,Full ET-RAG,cosine retrieval + evidence quality + temporal recency + hybrid paper context + per-option retrieval + quality check,0.5,0.3,0.2,9,What kind of volume change is associated with hearing loss in AD patients?,A. Increased brain volume | B. Decreased hippocampal volume | C. Increased white matter | D. Enlarged ventricles,B,Decreased hippocampal volume,B,True,0.740705,7.576,3.54,1.086,20,20,0.544871,True,True,True,False,2023-oxidative-damage-in-neurodegeneration-roles-in-the-pathogenesis-and-progression-of-alzheimer-disease.pdf | 2024 Advancements and Challenges in Antiamyloid Therapy for.pdf | 2024 Cell type-specific roles of APOE4 in Alzheimer disease.pdf | 2024 Immune Activation in Alzheimer Disease.pdf | 2024 Linking activity dyshomeostasis and sleep disturbances in Alzheimer disease.pdf | 2024 Neuroinflammation in Alzheimer disease.pdf | 2025 Oligodendrocytes in Alzheimer’s disease pathophysiology.pdf | 2025 Updates on mouse models of Alzheimer’s disease.pdf | Recent advances in Alzheimer’s disease mechanisms clinical trials and new drug development strategies.pdf | alzheimer disease  2021.pdf,"B. Decreased hippocampal volume

Hearing loss in Alzheimer's disease patients is associated with decreased hippocampal volume, as indicated by the relationship between cognitive impairment and structural brain changes, particularly in the hippocampus (Alzheimer disease, 2021).","B. Decreased hippocampal volume

Hearing loss in Alzheimer's disease patients is associated with decreased hippocampal volume, as indicated by the relationship between cognitive impairment and structural brain changes, particularly in the hippocampus (Alzheimer disease, 2021). This atrophy in the hippocampus is a significant marker of neurodegeneration in Alzheimer's, correlating with cognitive decline and supporting the notion that hearing loss may exacerbate these changes (Alzheimer disease, 2021)."
1,5,ET-RAG,test.agent_etrag,A5,Full ET-RAG,cosine retrieval + evidence quality + temporal recency + hybrid paper context + per-option retrieval + quality check,0.5,0.3,0.2,10,The Mediterranean diet is primarily considered:,A. A treatment for AD | B. A preventive dietary strategy | C. A high-fat diet | D. A protein-reduction plan,B,A preventive dietary strategy,B,True,0.736015,8.268,2.46,1.29,19,19,0.531471,True,True,True,False,2023-oxidative-damage-in-neurodegeneration-roles-in-the-pathogenesis-and-progression-of-alzheimer-disease.pdf | 2024 Advancements and Challenges in Antiamyloid Therapy for.pdf | 2024 Neuroinflammation in Alzheimer disease.pdf | Recent advances in Alzheimer’s disease mechanisms clinical trials and new drug development strategies.pdf | alzheimer disease  2021.pdf,"B. A preventive dietary strategy. The Mediterranean diet has been linked to a reduced risk of Alzheimer's disease (AD) and is considered a preventive approach to maintain good health and potentially optimize cognitive function (Oxidative damage in neurodegeneration: roles in the pathogenesis and progression of Alzheimer disease, 2023).","B. A preventive dietary strategy. The Mediterranean diet has been linked to a reduced risk of Alzheimer's disease (AD) and is considered a preventive approach to maintain good health and potentially optimize cognitive function (Oxidative damage in neurodegeneration: roles in the pathogenesis and progression of Alzheimer disease, 2023). Additionally, a well-balanced diet is deemed the most reasonable approach to optimize health maintenance, particularly when individuals are at risk for AD (Alzheimer disease, 2021)."
2,5,ET-RAG,test.agent_etrag,A5,Full ET-RAG,cosine retrieval + evidence quality + temporal recency + hybrid paper context + per-option retrieval + quality check,0.5,0.3,0.2,1,Which protein is considered a hallmark of Alzheimer’s disease (AD) pathology?,A. α-synuclein | B. Amyloid-beta (Aβ) | C. Huntingtin | D. Dopamine,B,Amyloid-beta (Aβ),B,True,0.754141,9.048,3.194,2.268,41,20,0.58326,True,True,True,False,2023-oxidative-damage-in-neurodegeneration-roles-in-the-pathogenesis-and-progression-of-alzheimer-disease.pdf | 2024 Advancements and Challenges in Antiamyloid Therapy for.pdf | 2024 Cell type-specific roles of APOE4 in Alzheimer disease.pdf | 2024 Neuroinflammation in Alzheimer disease.pdf | alzheimer disease  2021.pdf,"B. Amyloid-beta (Aβ) is considered a hallmark of Alzheimer’s disease (AD) pathology, as it is biologically defined by the presence of β-amyloid-containing plaques and tau-containing neurofibrillary tangles (Alzheimer disease, 2021).","B. Amyloid-beta (Aβ) is considered a hallmark of Alzheimer’s disease (AD) pathology, as it is biologically defined by the presence of β-amyloid-containing plaques and tau-containing neurofibrillary tangles (Alzheimer disease, 2021). Aβ accumulation and tau tangles are the two most common proteins implicated in AD pathogenesis, contributing to neuronal inflammation and cognitive decline (Advancements and Challenges in Antiamyloid Therapy for Alzheimer’s Disease, 2024; Neuroinflammation in Alzheimer disease, 2024)."
2,5,ET-RAG,test.agent_etrag,A5,Full ET-RAG,cosine retrieval + evidence quality + temporal recency + hybrid paper context + per-option retrieval + quality check,0.5,0.3,0.2,2,What type of sleep disorder is commonly associated with increased AD risk?,A. Narcolepsy | B. Insomnia | C. Obstructive sleep apnea (OSA) | D. Sleepwalking,C,Obstructive sleep apnea (OSA),C,True,0.735265,7.954,3.081,1.635,21,20,0.52933,True,True,True,False,2023-oxidative-damage-in-neurodegeneration-roles-in-the-pathogenesis-and-progression-of-alzheimer-disease.pdf | 2024 Advancements and Challenges in Antiamyloid Therapy for.pdf | 2024 Cell type-specific roles of APOE4 in Alzheimer disease.pdf | 2024 Immune Activation in Alzheimer Disease.pdf | 2024 Linking activity dyshomeostasis and sleep disturbances in Alzheimer disease.pdf | 2024 Neuroinflammation in Alzheimer disease.pdf | 2025 Updates on mouse models of Alzheimer’s disease.pdf | alzheimer disease  2021.pdf,"C. Obstructive sleep apnea (OSA) is commonly associated with increased AD risk. Sleep disorders, including OSA, can exacerbate cognitive decline and are linked to the pathophysiology of Alzheimer's disease, particularly through mechanisms involving neuronal hyperexcitability and sleep disturbances (Linking activity dyshomeostasis and sleep disturbances in Alzheimer disease, 2024).","C. Obstructive sleep apnea (OSA) is commonly associated with increased AD risk. Sleep disorders, including OSA, can exacerbate cognitive decline and are linked to the pathophysiology of Alzheimer's disease, particularly through mechanisms involving neuronal hyperexcitability and sleep disturbances (Linking activity dyshomeostasis and sleep disturbances in Alzheimer disease, 2024)."
2,5,ET-RAG,test.agent_etrag,A5,Full ET-RAG,cosine retrieval + evidence quality + temporal recency + hybrid paper context + per-option retrieval + quality check,0.5,0.3,0.2,3,Which imaging modality was first introduced to visualize brain amyloid in AD?,A. CT | B. MRI | C. Aβ-PET | D. SPECT,C,Aβ-PET,C,True,0.753408,7.533,2.756,1.242,28,20,0.581165,True,True,True,False,2023-oxidative-damage-in-neurodegeneration-roles-in-the-pathogenesis-and-progression-of-alzheimer-disease.pdf | 2024 Advancements and Challenges in Antiamyloid Therapy for.pdf | 2024 Immune Activation in Alzheimer Disease.pdf | 2024 Neuroinflammation in Alzheimer disease.pdf | 2025 Updates on mouse models of Alzheimer’s disease.pdf | alzheimer disease  2021.pdf,"C. Aβ-PET

The introduction of Aβ-PET imaging in 2004 clarified the roles of FDG-PET and MRI in evaluating patients with cognitive impairment, specifically for visualizing brain amyloid in Alzheimer disease (AD) (Alzheimer disease, 2021).","C. Aβ-PET

The introduction of Aβ-PET imaging in 2004 clarified the roles of FDG-PET and MRI in evaluating patients with cognitive impairment, specifically for visualizing brain amyloid in Alzheimer disease (AD) (Alzheimer disease, 2021). Aβ-PET markers allow for the direct visualization of Aβ plaque accumulation, increasing the precision of AD diagnosis and enabling a real-time view of the evolution of β-amyloidosis over time (Alzheimer disease, 2021)."
2,5,ET-RAG,test.agent_etrag,A5,Full ET-RAG,cosine retrieval + evidence quality + temporal recency + hybrid paper context + per-option retrieval + quality check,0.5,0.3,0.2,4,Which gut-related intervention shows potential for AD treatment?,A. Probiotics | B. Vitamin D | C. Antibiotics | D. Statins,A,Probiotics,A,True,0.742454,15.997,2.846,1.036,8,8,0.549868,True,True,True,False,2023-oxidative-damage-in-neurodegeneration-roles-in-the-pathogenesis-and-progression-of-alzheimer-disease.pdf | 2024 Advancements and Challenges in Antiamyloid Therapy for.pdf | 2024 Immune Activation in Alzheimer Disease.pdf | 2024 Neuroinflammation in Alzheimer disease.pdf | 2025 Updates on mouse models of Alzheimer’s disease.pdf | Recent advances in Alzheimer’s disease mechanisms clinical trials and new drug development strategies.pdf | alzheimer disease  2021.pdf,"A. Probiotics

Probiotics, specifically Bifidobacterium and Lactobacillus species, have shown potential in improving blood-brain barrier integrity and memory deficits in mouse models of Alzheimer's disease (AD) after antibiotic-induced microbiome depletion (Neuroinflammation in Alzheimer disease, 2024).","A. Probiotics

Probiotics, specifically Bifidobacterium and Lactobacillus species, have shown potential in improving blood-brain barrier integrity and memory deficits in mouse models of Alzheimer's disease (AD) after antibiotic-induced microbiome depletion (Neuroinflammation in Alzheimer disease, 2024). Therapy with these probiotics after antibiotic administration improves blood-brain barrier integrity and memory deficits in mouse models of AD (Neuroinflammation in Alzheimer disease, 2024). This suggests that probiotics may play a beneficial role in AD treatment by modulating gut microbiota and enhancing cognitive function."
2,5,ET-RAG,test.agent_etrag,A5,Full ET-RAG,cosine retrieval + evidence quality + temporal recency + hybrid paper context + per-option retrieval + quality check,0.5,0.3,0.2,5,What is the typical spacing used in the Tallapoosa tract for loblolly pine?,A. 4x4 ft | B. 6x6 ft | C. 6x12 ft | D. 8x10 ft,NOT_COVERED,Not Covered,NOT_COVERED,True,0.92,5.128,2.406,1.31,15,15,0.519866,True,True,True,False,2023-oxidative-damage-in-neurodegeneration-roles-in-the-pathogenesis-and-progression-of-alzheimer-disease.pdf | 2024 Advancements and Challenges in Antiamyloid Therapy for.pdf | 2024 Cell type-specific roles of APOE4 in Alzheimer disease.pdf | 2024 Immune Activation in Alzheimer Disease.pdf | 2024 Linking activity dyshomeostasis and sleep disturbances in Alzheimer disease.pdf | 2025 Updates on mouse models of Alzheimer’s disease.pdf | Recent advances in Alzheimer’s disease mechanisms clinical trials and new drug development strategies.pdf | alzheimer disease  2021.pdf,Not covered.,Not covered.
2,5,ET-RAG,test.agent_etrag,A5,Full ET-RAG,cosine retrieval + evidence quality + temporal recency + hybrid paper context + per-option retrieval + quality check,0.5,0.3,0.2,6,The A-T-N biomarker framework includes tau as which letter?,A. A | B. T | C. N | D. None,B,T,B,True,0.746497,7.221,3.078,0.993,22,20,0.56142,True,True,True,False,2023-oxidative-damage-in-neurodegeneration-roles-in-the-pathogenesis-and-progression-of-alzheimer-disease.pdf | 2024 Advancements and Challenges in Antiamyloid Therapy for.pdf | 2024 Cell type-specific roles of APOE4 in Alzheimer disease.pdf | 2024 Immune Activation in Alzheimer Disease.pdf | 2024 Neuroinflammation in Alzheimer disease.pdf | 2025 Updates on mouse models of Alzheimer’s disease.pdf | alzheimer disease  2021.pdf,"B. T

In the A-T-N biomarker framework, tau is represented by the letter ""T,"" indicating abnormal tau protein levels, which are crucial for diagnosing Alzheimer's disease (AD) (Alzheimer disease, 2021).","B. T

In the A-T-N biomarker framework, tau is represented by the letter ""T,"" indicating abnormal tau protein levels, which are crucial for diagnosing Alzheimer's disease (AD). The framework classifies biomarkers into three categories: A for amyloid, T for tau, and N for neurodegeneration. Tau biomarkers, derived from PET and cerebrospinal fluid (CSF), are both abnormal at higher values, and tau-PET provides a measure of regional tau abundance and distribution (Alzheimer disease, 2021)."
2,5,ET-RAG,test.agent_etrag,A5,Full ET-RAG,cosine retrieval + evidence quality + temporal recency + hybrid paper context + per-option retrieval + quality check,0.5,0.3,0.2,7,Which age group is most at risk for cognitive disorders–associated AD?,A. <40 years | B. 40–65 years | C. 65–90 years | D. >90 years,D,>90 years,C,False,0.748358,9.364,3.408,1.488,26,20,0.566737,True,True,True,False,2023-oxidative-damage-in-neurodegeneration-roles-in-the-pathogenesis-and-progression-of-alzheimer-disease.pdf | 2024 Linking activity dyshomeostasis and sleep disturbances in Alzheimer disease.pdf | 2024 Neuroinflammation in Alzheimer disease.pdf | 2025 Updates on mouse models of Alzheimer’s disease.pdf | alzheimer disease  2021.pdf,"C. 65–90 years

The prevalence of overt cognitive impairment increases exponentially with advancing age, particularly after 65 years, with the incidence of dementia rising steeply in this age group (Alzheimer disease, 2021). Additionally, the fastest-growing demographic segment at risk for cognitive disorders is the oldest-old group (people aged >90 years), which has the highest risk of multi-aetiology dementia (Alzheimer disease, 2021).","C. 65–90 years

The prevalence of overt cognitive impairment increases exponentially with advancing age, particularly after 65 years, with the incidence of dementia rising steeply in this age group (Alzheimer disease, 2021). Additionally, the fastest-growing demographic segment at risk for cognitive disorders is the oldest-old group (people aged >90 years), which has the highest risk of multi-aetiology dementia (Alzheimer disease, 2021)."
2,5,ET-RAG,test.agent_etrag,A5,Full ET-RAG,cosine retrieval + evidence quality + temporal recency + hybrid paper context + per-option retrieval + quality check,0.5,0.3,0.2,8,Which sleep stage is critical for metabolite clearance from the brain?,A. REM sleep | B. NREM sleep | C. Light sleep | D. Awake state,B,NREM sleep,B,True,0.735272,7.395,2.97,1.116,15,15,0.529348,True,True,True,False,2023-oxidative-damage-in-neurodegeneration-roles-in-the-pathogenesis-and-progression-of-alzheimer-disease.pdf | 2024 Advancements and Challenges in Antiamyloid Therapy for.pdf | 2024 Immune Activation in Alzheimer Disease.pdf | 2024 Linking activity dyshomeostasis and sleep disturbances in Alzheimer disease.pdf | 2025 Updates on mouse models of Alzheimer’s disease.pdf | Recent advances in Alzheimer’s disease mechanisms clinical trials and new drug development strategies.pdf | alzheimer disease  2021.pdf,"B. NREM sleep

NREM sleep, particularly during slow-wave sleep, is critical for metabolite clearance from the brain, including the clearance of amyloid-β (Aβ). This process is facilitated by the glymphatic system, which is more active during sleep (Linking activity dyshomeostasis and sleep disturbances in Alzheimer disease, 2024).","B. NREM sleep

NREM sleep, particularly during slow-wave sleep, is critical for metabolite clearance from the brain, including the clearance of amyloid-β (Aβ). This process is facilitated by the glymphatic system, which is more active during sleep (Linking activity dyshomeostasis and sleep disturbances in Alzheimer disease, 2024)."
2,5,ET-RAG,test.agent_etrag,A5,Full ET-RAG,cosine retrieval + evidence quality + temporal recency + hybrid paper context + per-option retrieval + quality check,0.5,0.3,0.2,9,What kind of volume change is associated with hearing loss in AD patients?,A. Increased brain volume | B. Decreased hippocampal volume | C. Increased white matter | D. Enlarged ventricles,B,Decreased hippocampal volume,B,True,0.740696,7.806,2.8,1.031,20,20,0.544846,True,True,True,False,2023-oxidative-damage-in-neurodegeneration-roles-in-the-pathogenesis-and-progression-of-alzheimer-disease.pdf | 2024 Advancements and Challenges in Antiamyloid Therapy for.pdf | 2024 Cell type-specific roles of APOE4 in Alzheimer disease.pdf | 2024 Immune Activation in Alzheimer Disease.pdf | 2024 Linking activity dyshomeostasis and sleep disturbances in Alzheimer disease.pdf | 2024 Neuroinflammation in Alzheimer disease.pdf | 2025 Oligodendrocytes in Alzheimer’s disease pathophysiology.pdf | 2025 Updates on mouse models of Alzheimer’s disease.pdf | Recent advances in Alzheimer’s disease mechanisms clinical trials and new drug development strategies.pdf | alzheimer disease  2021.pdf,"B. Decreased hippocampal volume

Hearing loss in Alzheimer's disease patients is associated with decreased hippocampal volume, as indicated by the relationship between cognitive impairment and structural brain changes, particularly in the hippocampus (Alzheimer disease, 2021).","B. Decreased hippocampal volume

Hearing loss in Alzheimer's disease patients is associated with decreased hippocampal volume, as indicated by the relationship between cognitive impairment and structural brain changes, particularly in the hippocampus (Alzheimer disease, 2021). This correlation suggests that as cognitive impairment progresses, there is a notable reduction in hippocampal volume, which is a critical area for memory and learning, further linking hearing loss to cognitive decline in these patients."
2,5,ET-RAG,test.agent_etrag,A5,Full ET-RAG,cosine retrieval + evidence quality + temporal recency + hybrid paper context + per-option retrieval + quality check,0.5,0.3,0.2,10,The Mediterranean diet is primarily considered:,A. A treatment for AD | B. A preventive dietary strategy | C. A high-fat diet | D. A protein-reduction plan,B,A preventive dietary strategy,B,True,0.736015,8.863,3.208,1.171,19,19,0.531471,True,True,True,False,2023-oxidative-damage-in-neurodegeneration-roles-in-the-pathogenesis-and-progression-of-alzheimer-disease.pdf | 2024 Advancements and Challenges in Antiamyloid Therapy for.pdf | 2024 Neuroinflammation in Alzheimer disease.pdf | Recent advances in Alzheimer’s disease mechanisms clinical trials and new drug development strategies.pdf | alzheimer disease  2021.pdf,"B. A preventive dietary strategy. The Mediterranean diet has been linked to a reduced risk of Alzheimer's disease (AD) and is considered a preventive approach to maintain good health and cognitive function (Oxidative damage in neurodegeneration: roles in the pathogenesis and progression of Alzheimer disease, 2023).","B. A preventive dietary strategy. The Mediterranean diet has been linked to a reduced risk of Alzheimer's disease (AD) and is considered a preventive approach to maintain good health and cognitive function (Oxidative damage in neurodegeneration: roles in the pathogenesis and progression of Alzheimer disease, 2023). Additionally, the FINGER study demonstrated that multidomain strategies, including balanced nutrition like the Mediterranean diet, can improve cognitive outcomes in individuals at risk of dementia (Alzheimer disease, 2021)."
3,5,ET-RAG,test.agent_etrag,A5,Full ET-RAG,cosine retrieval + evidence quality + temporal recency + hybrid paper context + per-option retrieval + quality check,0.5,0.3,0.2,1,Which protein is considered a hallmark of Alzheimer’s disease (AD) pathology?,A. α-synuclein | B. Amyloid-beta (Aβ) | C. Huntingtin | D. Dopamine,B,Amyloid-beta (Aβ),B,True,0.754152,10.452,3.078,2.871,41,20,0.58329,True,True,True,False,2023-oxidative-damage-in-neurodegeneration-roles-in-the-pathogenesis-and-progression-of-alzheimer-disease.pdf | 2024 Advancements and Challenges in Antiamyloid Therapy for.pdf | 2024 Cell type-specific roles of APOE4 in Alzheimer disease.pdf | 2024 Neuroinflammation in Alzheimer disease.pdf | alzheimer disease  2021.pdf,"B. Amyloid-beta (Aβ) is considered a hallmark of Alzheimer’s disease (AD) pathology, as it is biologically defined by the presence of β-amyloid-containing plaques and tau-containing neurofibrillary tangles (Alzheimer disease, 2021).","B. Amyloid-beta (Aβ) is considered a hallmark of Alzheimer’s disease (AD) pathology, as it is biologically defined by the presence of β-amyloid-containing plaques and tau-containing neurofibrillary tangles (Alzheimer disease, 2021). Accumulation of Aβ and tau tangles are the two most common proteins implicated in AD pathogenesis (Advancements and Challenges in Antiamyloid Therapy for Alzheimer’s Disease: A Comprehensive Review, 2024)."
3,5,ET-RAG,test.agent_etrag,A5,Full ET-RAG,cosine retrieval + evidence quality + temporal recency + hybrid paper context + per-option retrieval + quality check,0.5,0.3,0.2,2,What type of sleep disorder is commonly associated with increased AD risk?,A. Narcolepsy | B. Insomnia | C. Obstructive sleep apnea (OSA) | D. Sleepwalking,C,Obstructive sleep apnea (OSA),C,True,0.735425,8.044,2.91,1.168,22,20,0.529785,True,True,True,False,2023-oxidative-damage-in-neurodegeneration-roles-in-the-pathogenesis-and-progression-of-alzheimer-disease.pdf | 2024 Advancements and Challenges in Antiamyloid Therapy for.pdf | 2024 Cell type-specific roles of APOE4 in Alzheimer disease.pdf | 2024 Immune Activation in Alzheimer Disease.pdf | 2024 Linking activity dyshomeostasis and sleep disturbances in Alzheimer disease.pdf | 2024 Neuroinflammation in Alzheimer disease.pdf | 2025 Updates on mouse models of Alzheimer’s disease.pdf | alzheimer disease  2021.pdf,"C. Obstructive sleep apnea (OSA)

Obstructive sleep apnea is commonly associated with increased Alzheimer's disease (AD) risk. Sleep disorders, including OSA, can exacerbate cognitive decline and are linked to the pathophysiology of AD, particularly through mechanisms involving neuronal hyperexcitability and sleep disturbances (Linking activity dyshomeostasis and sleep disturbances in Alzheimer disease, 2024).","C. Obstructive sleep apnea (OSA)

Obstructive sleep apnea is commonly associated with increased Alzheimer's disease (AD) risk. Sleep disorders, including OSA, can exacerbate cognitive decline and are linked to the pathophysiology of AD, particularly through mechanisms involving neuronal hyperexcitability and sleep disturbances (Linking activity dyshomeostasis and sleep disturbances in Alzheimer disease, 2024)."
3,5,ET-RAG,test.agent_etrag,A5,Full ET-RAG,cosine retrieval + evidence quality + temporal recency + hybrid paper context + per-option retrieval + quality check,0.5,0.3,0.2,3,Which imaging modality was first introduced to visualize brain amyloid in AD?,A. CT | B. MRI | C. Aβ-PET | D. SPECT,C,Aβ-PET,C,True,0.753408,6.716,2.512,1.226,28,20,0.581165,True,True,True,False,2023-oxidative-damage-in-neurodegeneration-roles-in-the-pathogenesis-and-progression-of-alzheimer-disease.pdf | 2024 Advancements and Challenges in Antiamyloid Therapy for.pdf | 2024 Immune Activation in Alzheimer Disease.pdf | 2024 Neuroinflammation in Alzheimer disease.pdf | 2025 Updates on mouse models of Alzheimer’s disease.pdf | alzheimer disease  2021.pdf,"C. Aβ-PET

The introduction of Aβ-PET imaging in 2004 clarified the roles of FDG-PET and MRI in evaluating patients with cognitive impairment, specifically for visualizing brain amyloid in Alzheimer disease (AD) (Alzheimer disease, 2021).","C. Aβ-PET

The introduction of Aβ-PET imaging in 2004 clarified the roles of FDG-PET and MRI in evaluating patients with cognitive impairment, specifically for visualizing brain amyloid in Alzheimer disease (AD) (Alzheimer disease, 2021). Aβ-PET markers allow for the direct visualization of Aβ plaque accumulation, increasing the precision of AD diagnosis and enabling a real-time view of the evolution of β-amyloidosis over time (Alzheimer disease, 2021)."
3,5,ET-RAG,test.agent_etrag,A5,Full ET-RAG,cosine retrieval + evidence quality + temporal recency + hybrid paper context + per-option retrieval + quality check,0.5,0.3,0.2,4,Which gut-related intervention shows potential for AD treatment?,A. Probiotics | B. Vitamin D | C. Antibiotics | D. Statins,A,Probiotics,A,True,0.742454,7.139,2.696,0.971,8,8,0.549868,True,True,True,False,2023-oxidative-damage-in-neurodegeneration-roles-in-the-pathogenesis-and-progression-of-alzheimer-disease.pdf | 2024 Advancements and Challenges in Antiamyloid Therapy for.pdf | 2024 Immune Activation in Alzheimer Disease.pdf | 2024 Neuroinflammation in Alzheimer disease.pdf | 2025 Updates on mouse models of Alzheimer’s disease.pdf | Recent advances in Alzheimer’s disease mechanisms clinical trials and new drug development strategies.pdf | alzheimer disease  2021.pdf,"A. Probiotics

Probiotics, specifically Bifidobacterium and Lactobacillus species, have shown potential in improving blood-brain barrier integrity and memory deficits in mouse models of Alzheimer's disease (AD) after antibiotic-induced microbiome depletion (Neuroinflammation in Alzheimer disease, 2024).","A. Probiotics

Probiotics, specifically Bifidobacterium and Lactobacillus species, have shown potential in improving blood-brain barrier integrity and memory deficits in mouse models of Alzheimer's disease (AD) after antibiotic-induced microbiome depletion (Neuroinflammation in Alzheimer disease, 2024). Therapy with these probiotics enhances cognitive parameters in mice with AD and reduces serum Aβ levels by shifting the microbiome composition (Neuroinflammation in Alzheimer disease, 2024). This suggests that probiotics may play a beneficial role in AD treatment through their effects on the gut-brain axis and neuroinflammation."
3,5,ET-RAG,test.agent_etrag,A5,Full ET-RAG,cosine retrieval + evidence quality + temporal recency + hybrid paper context + per-option retrieval + quality check,0.5,0.3,0.2,5,What is the typical spacing used in the Tallapoosa tract for loblolly pine?,A. 4x4 ft | B. 6x6 ft | C. 6x12 ft | D. 8x10 ft,NOT_COVERED,Not Covered,NOT_COVERED,True,0.92,7.351,2.811,2.844,15,15,0.519862,True,True,True,False,2023-oxidative-damage-in-neurodegeneration-roles-in-the-pathogenesis-and-progression-of-alzheimer-disease.pdf | 2024 Advancements and Challenges in Antiamyloid Therapy for.pdf | 2024 Cell type-specific roles of APOE4 in Alzheimer disease.pdf | 2024 Immune Activation in Alzheimer Disease.pdf | 2024 Linking activity dyshomeostasis and sleep disturbances in Alzheimer disease.pdf | 2025 Updates on mouse models of Alzheimer’s disease.pdf | Recent advances in Alzheimer’s disease mechanisms clinical trials and new drug development strategies.pdf | alzheimer disease  2021.pdf,Not covered.,Not covered.
3,5,ET-RAG,test.agent_etrag,A5,Full ET-RAG,cosine retrieval + evidence quality + temporal recency + hybrid paper context + per-option retrieval + quality check,0.5,0.3,0.2,6,The A-T-N biomarker framework includes tau as which letter?,A. A | B. T | C. N | D. None,B,T,B,True,0.746497,12.764,8.407,1.211,22,20,0.561419,True,True,True,False,2023-oxidative-damage-in-neurodegeneration-roles-in-the-pathogenesis-and-progression-of-alzheimer-disease.pdf | 2024 Advancements and Challenges in Antiamyloid Therapy for.pdf | 2024 Cell type-specific roles of APOE4 in Alzheimer disease.pdf | 2024 Immune Activation in Alzheimer Disease.pdf | 2024 Neuroinflammation in Alzheimer disease.pdf | 2025 Updates on mouse models of Alzheimer’s disease.pdf | alzheimer disease  2021.pdf,"B. T

In the A-T-N biomarker framework, tau is represented by the letter ""T,"" indicating abnormal tau protein levels, which are crucial for diagnosing Alzheimer's disease (AD) pathology (Alzheimer disease, 2021).","B. T

In the A-T-N biomarker framework, tau is represented by the letter ""T,"" indicating abnormal tau protein levels, which are crucial for diagnosing Alzheimer's disease (AD) pathology. The framework classifies biomarkers into three categories: amyloid (A), tau (T), and neurodegeneration (N), with tau biomarkers being specifically associated with tau pathology (Alzheimer disease, 2021)."
3,5,ET-RAG,test.agent_etrag,A5,Full ET-RAG,cosine retrieval + evidence quality + temporal recency + hybrid paper context + per-option retrieval + quality check,0.5,0.3,0.2,7,Which age group is most at risk for cognitive disorders–associated AD?,A. <40 years | B. 40–65 years | C. 65–90 years | D. >90 years,D,>90 years,C,False,0.748364,6.528,2.846,0.935,26,20,0.566755,True,True,True,False,2023-oxidative-damage-in-neurodegeneration-roles-in-the-pathogenesis-and-progression-of-alzheimer-disease.pdf | 2024 Linking activity dyshomeostasis and sleep disturbances in Alzheimer disease.pdf | 2024 Neuroinflammation in Alzheimer disease.pdf | 2025 Updates on mouse models of Alzheimer’s disease.pdf | alzheimer disease  2021.pdf,"C. 65–90 years

The prevalence of overt cognitive impairment increases exponentially with advancing age, particularly after 65 years, with the incidence of dementia rising steeply in this age group (Alzheimer disease, 2021). Additionally, the fastest-growing demographic segment at risk for cognitive disorders is the oldest-old group (people aged >90 years), which has the highest risk of multi-aetiology dementia (Alzheimer disease, 2021).","C. 65–90 years

The prevalence of overt cognitive impairment increases exponentially with advancing age, particularly after 65 years, with the incidence of dementia rising steeply in this age group (Alzheimer disease, 2021). Additionally, the fastest-growing demographic segment at risk for cognitive disorders is the oldest-old group (people aged >90 years), which has the highest risk of multi-aetiology dementia (Alzheimer disease, 2021)."
3,5,ET-RAG,test.agent_etrag,A5,Full ET-RAG,cosine retrieval + evidence quality + temporal recency + hybrid paper context + per-option retrieval + quality check,0.5,0.3,0.2,8,Which sleep stage is critical for metabolite clearance from the brain?,A. REM sleep | B. NREM sleep | C. Light sleep | D. Awake state,B,NREM sleep,B,True,0.73527,11.244,2.662,0.907,15,15,0.529342,True,True,True,False,2023-oxidative-damage-in-neurodegeneration-roles-in-the-pathogenesis-and-progression-of-alzheimer-disease.pdf | 2024 Advancements and Challenges in Antiamyloid Therapy for.pdf | 2024 Immune Activation in Alzheimer Disease.pdf | 2024 Linking activity dyshomeostasis and sleep disturbances in Alzheimer disease.pdf | 2025 Updates on mouse models of Alzheimer’s disease.pdf | Recent advances in Alzheimer’s disease mechanisms clinical trials and new drug development strategies.pdf | alzheimer disease  2021.pdf,"B. NREM sleep

NREM sleep is critical for metabolite clearance from the brain, particularly during the glymphatic system's activity, which is enhanced during this sleep stage. This process is essential for the clearance of amyloid-beta (Aβ) and other waste products from the central nervous system (Linking activity dyshomeostasis and sleep disturbances in Alzheimer disease, 2024).","B. NREM sleep

NREM sleep is critical for metabolite clearance from the brain, particularly during the glymphatic system's activity, which is enhanced during this sleep stage. This process is essential for the clearance of amyloid-beta (Aβ) and other waste products from the central nervous system (Linking activity dyshomeostasis and sleep disturbances in Alzheimer disease, 2024)."
3,5,ET-RAG,test.agent_etrag,A5,Full ET-RAG,cosine retrieval + evidence quality + temporal recency + hybrid paper context + per-option retrieval + quality check,0.5,0.3,0.2,9,What kind of volume change is associated with hearing loss in AD patients?,A. Increased brain volume | B. Decreased hippocampal volume | C. Increased white matter | D. Enlarged ventricles,B,Decreased hippocampal volume,B,True,0.740705,7.162,2.463,0.888,20,20,0.544871,True,True,True,False,2023-oxidative-damage-in-neurodegeneration-roles-in-the-pathogenesis-and-progression-of-alzheimer-disease.pdf | 2024 Advancements and Challenges in Antiamyloid Therapy for.pdf | 2024 Cell type-specific roles of APOE4 in Alzheimer disease.pdf | 2024 Immune Activation in Alzheimer Disease.pdf | 2024 Linking activity dyshomeostasis and sleep disturbances in Alzheimer disease.pdf | 2024 Neuroinflammation in Alzheimer disease.pdf | 2025 Oligodendrocytes in Alzheimer’s disease pathophysiology.pdf | 2025 Updates on mouse models of Alzheimer’s disease.pdf | Recent advances in Alzheimer’s disease mechanisms clinical trials and new drug development strategies.pdf | alzheimer disease  2021.pdf,"B. Decreased hippocampal volume

Hearing loss in Alzheimer's disease patients is associated with decreased hippocampal volume, as indicated by the relationship between cognitive impairment and structural brain changes, particularly in the hippocampus (Alzheimer disease, 2021).","B. Decreased hippocampal volume

Hearing loss in Alzheimer's disease patients is associated with decreased hippocampal volume, as indicated by the relationship between cognitive impairment and structural brain changes, particularly in the hippocampus (Alzheimer disease, 2021). This atrophy in the hippocampus is a significant marker of neurodegeneration in Alzheimer's, correlating with cognitive decline and highlighting the importance of hippocampal integrity in maintaining cognitive functions (Alzheimer disease, 2021)."
3,5,ET-RAG,test.agent_etrag,A5,Full ET-RAG,cosine retrieval + evidence quality + temporal recency + hybrid paper context + per-option retrieval + quality check,0.5,0.3,0.2,10,The Mediterranean diet is primarily considered:,A. A treatment for AD | B. A preventive dietary strategy | C. A high-fat diet | D. A protein-reduction plan,B,A preventive dietary strategy,B,True,0.736016,5.978,2.318,1.035,19,19,0.531474,True,True,True,False,2023-oxidative-damage-in-neurodegeneration-roles-in-the-pathogenesis-and-progression-of-alzheimer-disease.pdf | 2024 Advancements and Challenges in Antiamyloid Therapy for.pdf | 2024 Neuroinflammation in Alzheimer disease.pdf | Recent advances in Alzheimer’s disease mechanisms clinical trials and new drug development strategies.pdf | alzheimer disease  2021.pdf,"B. A preventive dietary strategy. The Mediterranean diet has been linked to a reduced risk of Alzheimer's disease (AD) and is considered a preventive approach to maintain good health and cognitive function (Oxidative damage in neurodegeneration: roles in the pathogenesis and progression of Alzheimer disease, 2023).","B. A preventive dietary strategy. The Mediterranean diet has been linked to a reduced risk of Alzheimer's disease (AD) and is considered a preventive approach to maintain good health and cognitive function (Oxidative damage in neurodegeneration: roles in the pathogenesis and progression of Alzheimer disease, 2023). Additionally, the FINGER study demonstrated that multidomain strategies, including balanced nutrition like the Mediterranean diet, can improve cognitive outcomes in individuals at risk of dementia (Alzheimer disease, 2021)."
4,5,ET-RAG,test.agent_etrag,A5,Full ET-RAG,cosine retrieval + evidence quality + temporal recency + hybrid paper context + per-option retrieval + quality check,0.5,0.3,0.2,1,Which protein is considered a hallmark of Alzheimer’s disease (AD) pathology?,A. α-synuclein | B. Amyloid-beta (Aβ) | C. Huntingtin | D. Dopamine,B,Amyloid-beta (Aβ),B,True,0.754141,7.261,2.69,0.872,41,20,0.58326,True,True,True,False,2023-oxidative-damage-in-neurodegeneration-roles-in-the-pathogenesis-and-progression-of-alzheimer-disease.pdf | 2024 Advancements and Challenges in Antiamyloid Therapy for.pdf | 2024 Cell type-specific roles of APOE4 in Alzheimer disease.pdf | 2024 Neuroinflammation in Alzheimer disease.pdf | alzheimer disease  2021.pdf,"B. Amyloid-beta (Aβ) is considered a hallmark of Alzheimer’s disease (AD) pathology, as it is biologically defined by the presence of β-amyloid-containing plaques and tau-containing neurofibrillary tangles (Alzheimer disease, 2021).","B. Amyloid-beta (Aβ) is considered a hallmark of Alzheimer’s disease (AD) pathology, as it is biologically defined by the presence of β-amyloid-containing plaques and tau-containing neurofibrillary tangles (Alzheimer disease, 2021). Aβ accumulation and tau tangles are the two most common proteins implicated in AD pathogenesis, contributing to neuronal inflammation and cognitive decline (Advancements and Challenges in Antiamyloid Therapy for Alzheimer’s Disease: A Comprehensive Review, 2024)."
4,5,ET-RAG,test.agent_etrag,A5,Full ET-RAG,cosine retrieval + evidence quality + temporal recency + hybrid paper context + per-option retrieval + quality check,0.5,0.3,0.2,2,What type of sleep disorder is commonly associated with increased AD risk?,A. Narcolepsy | B. Insomnia | C. Obstructive sleep apnea (OSA) | D. Sleepwalking,C,Obstructive sleep apnea (OSA),C,True,0.735423,12.274,7.877,1.164,22,20,0.52978,True,True,True,False,2023-oxidative-damage-in-neurodegeneration-roles-in-the-pathogenesis-and-progression-of-alzheimer-disease.pdf | 2024 Advancements and Challenges in Antiamyloid Therapy for.pdf | 2024 Cell type-specific roles of APOE4 in Alzheimer disease.pdf | 2024 Immune Activation in Alzheimer Disease.pdf | 2024 Linking activity dyshomeostasis and sleep disturbances in Alzheimer disease.pdf | 2024 Neuroinflammation in Alzheimer disease.pdf | 2025 Updates on mouse models of Alzheimer’s disease.pdf | alzheimer disease  2021.pdf,"C. Obstructive sleep apnea (OSA)

Sleep disorders, particularly obstructive sleep apnea (OSA), are commonly associated with increased risk for Alzheimer's disease (AD). Sleep disturbances can exacerbate hyperexcitability in neuronal circuits, which is linked to AD pathology (Linking activity dyshomeostasis and sleep disturbances in Alzheimer disease, 2024).","C. Obstructive sleep apnea (OSA)

Sleep disorders, particularly obstructive sleep apnea (OSA), are commonly associated with increased risk for Alzheimer's disease (AD). Sleep disturbances can exacerbate hyperexcitability in neuronal circuits, which is linked to AD pathology (Linking activity dyshomeostasis and sleep disturbances in Alzheimer disease, 2024). This relationship highlights the importance of addressing sleep disorders to potentially mitigate the risk of developing AD."
4,5,ET-RAG,test.agent_etrag,A5,Full ET-RAG,cosine retrieval + evidence quality + temporal recency + hybrid paper context + per-option retrieval + quality check,0.5,0.3,0.2,3,Which imaging modality was first introduced to visualize brain amyloid in AD?,A. CT | B. MRI | C. Aβ-PET | D. SPECT,C,Aβ-PET,C,True,0.75341,8.583,3.555,0.899,28,20,0.581172,True,True,True,False,2023-oxidative-damage-in-neurodegeneration-roles-in-the-pathogenesis-and-progression-of-alzheimer-disease.pdf | 2024 Advancements and Challenges in Antiamyloid Therapy for.pdf | 2024 Immune Activation in Alzheimer Disease.pdf | 2024 Neuroinflammation in Alzheimer disease.pdf | 2025 Updates on mouse models of Alzheimer’s disease.pdf | alzheimer disease  2021.pdf,"C. Aβ-PET

The introduction of Aβ-PET imaging in 2004 clarified the roles of FDG-PET and MRI in evaluating patients with cognitive impairment, specifically for visualizing brain amyloid in Alzheimer disease (AD) (Alzheimer disease, 2021).","C. Aβ-PET

The introduction of Aβ-PET imaging in 2004 clarified the roles of FDG-PET and MRI in evaluating patients with cognitive impairment, specifically for visualizing brain amyloid in Alzheimer disease (AD) (Alzheimer disease, 2021). Aβ-PET markers allow for the direct visualization of Aβ plaque accumulation, increasing the precision of AD diagnosis and enabling a real-time view of the evolution of β-amyloidosis over time (Alzheimer disease, 2021)."
4,5,ET-RAG,test.agent_etrag,A5,Full ET-RAG,cosine retrieval + evidence quality + temporal recency + hybrid paper context + per-option retrieval + quality check,0.5,0.3,0.2,4,Which gut-related intervention shows potential for AD treatment?,A. Probiotics | B. Vitamin D | C. Antibiotics | D. Statins,A,Probiotics,A,True,0.742452,6.233,2.315,1.044,8,8,0.549864,True,True,True,False,2023-oxidative-damage-in-neurodegeneration-roles-in-the-pathogenesis-and-progression-of-alzheimer-disease.pdf | 2024 Advancements and Challenges in Antiamyloid Therapy for.pdf | 2024 Immune Activation in Alzheimer Disease.pdf | 2024 Neuroinflammation in Alzheimer disease.pdf | 2025 Updates on mouse models of Alzheimer’s disease.pdf | Recent advances in Alzheimer’s disease mechanisms clinical trials and new drug development strategies.pdf | alzheimer disease  2021.pdf,"A. Probiotics

Probiotics, specifically Bifidobacterium and Lactobacillus species, have shown potential in improving blood-brain barrier integrity and memory deficits in mouse models of Alzheimer's disease (AD) after antibiotic-induced microbiome depletion (Neuroinflammation in Alzheimer disease, 2024).","A. Probiotics

Probiotics, specifically Bifidobacterium and Lactobacillus species, have shown potential in improving blood-brain barrier integrity and memory deficits in mouse models of Alzheimer's disease (AD) after antibiotic-induced microbiome depletion (Neuroinflammation in Alzheimer disease, 2024). This intervention highlights the role of the gut microbiome in modulating neuroinflammation and cognitive function, suggesting a promising avenue for AD treatment."
4,5,ET-RAG,test.agent_etrag,A5,Full ET-RAG,cosine retrieval + evidence quality + temporal recency + hybrid paper context + per-option retrieval + quality check,0.5,0.3,0.2,5,What is the typical spacing used in the Tallapoosa tract for loblolly pine?,A. 4x4 ft | B. 6x6 ft | C. 6x12 ft | D. 8x10 ft,NOT_COVERED,Not Covered,NOT_COVERED,True,0.92,10.17,7.782,0.922,15,15,0.519869,True,True,True,False,2023-oxidative-damage-in-neurodegeneration-roles-in-the-pathogenesis-and-progression-of-alzheimer-disease.pdf | 2024 Advancements and Challenges in Antiamyloid Therapy for.pdf | 2024 Cell type-specific roles of APOE4 in Alzheimer disease.pdf | 2024 Immune Activation in Alzheimer Disease.pdf | 2024 Linking activity dyshomeostasis and sleep disturbances in Alzheimer disease.pdf | 2025 Updates on mouse models of Alzheimer’s disease.pdf | Recent advances in Alzheimer’s disease mechanisms clinical trials and new drug development strategies.pdf | alzheimer disease  2021.pdf,Not covered.,Not covered.
4,5,ET-RAG,test.agent_etrag,A5,Full ET-RAG,cosine retrieval + evidence quality + temporal recency + hybrid paper context + per-option retrieval + quality check,0.5,0.3,0.2,6,The A-T-N biomarker framework includes tau as which letter?,A. A | B. T | C. N | D. None,B,T,B,True,0.746494,6.414,2.593,0.977,22,20,0.561412,True,True,True,False,2023-oxidative-damage-in-neurodegeneration-roles-in-the-pathogenesis-and-progression-of-alzheimer-disease.pdf | 2024 Advancements and Challenges in Antiamyloid Therapy for.pdf | 2024 Cell type-specific roles of APOE4 in Alzheimer disease.pdf | 2024 Immune Activation in Alzheimer Disease.pdf | 2024 Neuroinflammation in Alzheimer disease.pdf | 2025 Updates on mouse models of Alzheimer’s disease.pdf | alzheimer disease  2021.pdf,"B. T

In the A-T-N biomarker framework, tau is represented by the letter ""T,"" indicating abnormal tau protein levels, which are crucial for diagnosing Alzheimer's disease (AD) pathology (Alzheimer disease, 2021).","B. T

In the A-T-N biomarker framework, tau is represented by the letter ""T,"" indicating abnormal tau protein levels, which are crucial for diagnosing Alzheimer's disease (AD) pathology (Alzheimer disease, 2021). The framework classifies biomarkers into three categories: amyloid (A), tau (T), and neurodegeneration (N), with tau being specifically linked to the presence of neurofibrillary tangles associated with AD (Alzheimer disease, 2021)."
4,5,ET-RAG,test.agent_etrag,A5,Full ET-RAG,cosine retrieval + evidence quality + temporal recency + hybrid paper context + per-option retrieval + quality check,0.5,0.3,0.2,7,Which age group is most at risk for cognitive disorders–associated AD?,A. <40 years | B. 40–65 years | C. 65–90 years | D. >90 years,D,>90 years,C,False,0.748359,6.445,2.197,0.945,26,20,0.566739,True,True,True,False,2023-oxidative-damage-in-neurodegeneration-roles-in-the-pathogenesis-and-progression-of-alzheimer-disease.pdf | 2024 Linking activity dyshomeostasis and sleep disturbances in Alzheimer disease.pdf | 2024 Neuroinflammation in Alzheimer disease.pdf | 2025 Updates on mouse models of Alzheimer’s disease.pdf | alzheimer disease  2021.pdf,"C. 65–90 years

The prevalence of overt cognitive impairment increases exponentially with advancing age, particularly after 65 years, with the incidence of dementia rising steeply in this age group (Alzheimer disease, 2021). Additionally, the fastest-growing demographic segment at risk for cognitive disorders is the oldest-old group (people aged >90 years), which has the highest risk of multi-aetiology dementia (Alzheimer disease, 2021).","C. 65–90 years

The prevalence of overt cognitive impairment increases exponentially with advancing age, particularly after 65 years, with the incidence of dementia rising steeply in this age group (Alzheimer disease, 2021). Additionally, the fastest-growing demographic segment at risk for cognitive disorders is the oldest-old group (people aged >90 years), which has the highest risk of multi-aetiology dementia (Alzheimer disease, 2021)."
4,5,ET-RAG,test.agent_etrag,A5,Full ET-RAG,cosine retrieval + evidence quality + temporal recency + hybrid paper context + per-option retrieval + quality check,0.5,0.3,0.2,8,Which sleep stage is critical for metabolite clearance from the brain?,A. REM sleep | B. NREM sleep | C. Light sleep | D. Awake state,B,NREM sleep,B,True,0.735284,7.526,2.682,0.951,15,15,0.529382,True,True,True,False,2023-oxidative-damage-in-neurodegeneration-roles-in-the-pathogenesis-and-progression-of-alzheimer-disease.pdf | 2024 Advancements and Challenges in Antiamyloid Therapy for.pdf | 2024 Immune Activation in Alzheimer Disease.pdf | 2024 Linking activity dyshomeostasis and sleep disturbances in Alzheimer disease.pdf | 2025 Updates on mouse models of Alzheimer’s disease.pdf | Recent advances in Alzheimer’s disease mechanisms clinical trials and new drug development strategies.pdf | alzheimer disease  2021.pdf,"B. NREM sleep

NREM sleep is critical for metabolite clearance from the brain, particularly during the glymphatic system's activity, which is enhanced during this sleep stage. This process is essential for the clearance of amyloid-β and other waste products, as highlighted in ""Linking activity dyshomeostasis and sleep disturbances in Alzheimer disease"" (2024).","B. NREM sleep

NREM sleep is critical for metabolite clearance from the brain, particularly during the glymphatic system's activity, which is enhanced during this sleep stage. This process is essential for the clearance of amyloid-β and other waste products, as highlighted in ""Linking activity dyshomeostasis and sleep disturbances in Alzheimer disease"" (2024). The review emphasizes the importance of sleep in maintaining brain health and facilitating the removal of neurotoxic metabolites, underscoring the role of NREM sleep in this vital function."
4,5,ET-RAG,test.agent_etrag,A5,Full ET-RAG,cosine retrieval + evidence quality + temporal recency + hybrid paper context + per-option retrieval + quality check,0.5,0.3,0.2,9,What kind of volume change is associated with hearing loss in AD patients?,A. Increased brain volume | B. Decreased hippocampal volume | C. Increased white matter | D. Enlarged ventricles,B,Decreased hippocampal volume,B,True,0.740705,5.879,2.288,1.022,20,20,0.544871,True,True,True,False,2023-oxidative-damage-in-neurodegeneration-roles-in-the-pathogenesis-and-progression-of-alzheimer-disease.pdf | 2024 Advancements and Challenges in Antiamyloid Therapy for.pdf | 2024 Cell type-specific roles of APOE4 in Alzheimer disease.pdf | 2024 Immune Activation in Alzheimer Disease.pdf | 2024 Linking activity dyshomeostasis and sleep disturbances in Alzheimer disease.pdf | 2024 Neuroinflammation in Alzheimer disease.pdf | 2025 Oligodendrocytes in Alzheimer’s disease pathophysiology.pdf | 2025 Updates on mouse models of Alzheimer’s disease.pdf | Recent advances in Alzheimer’s disease mechanisms clinical trials and new drug development strategies.pdf | alzheimer disease  2021.pdf,"B. Decreased hippocampal volume

Hearing loss in Alzheimer's disease patients is associated with decreased hippocampal volume, as indicated by the relationship between cognitive impairment and structural changes in the brain, particularly in the hippocampus (Alzheimer disease, 2021).","B. Decreased hippocampal volume

Hearing loss in Alzheimer's disease patients is associated with decreased hippocampal volume, as indicated by the relationship between cognitive impairment and structural changes in the brain, particularly in the hippocampus (Alzheimer disease, 2021). This correlation suggests that as cognitive impairment progresses, there is a notable reduction in hippocampal volume, which is critical for memory and spatial navigation, further linking hearing loss to cognitive decline in Alzheimer's patients."
4,5,ET-RAG,test.agent_etrag,A5,Full ET-RAG,cosine retrieval + evidence quality + temporal recency + hybrid paper context + per-option retrieval + quality check,0.5,0.3,0.2,10,The Mediterranean diet is primarily considered:,A. A treatment for AD | B. A preventive dietary strategy | C. A high-fat diet | D. A protein-reduction plan,B,A preventive dietary strategy,B,True,0.736016,6.524,2.658,1.19,19,19,0.531475,True,True,True,False,2023-oxidative-damage-in-neurodegeneration-roles-in-the-pathogenesis-and-progression-of-alzheimer-disease.pdf | 2024 Advancements and Challenges in Antiamyloid Therapy for.pdf | 2024 Neuroinflammation in Alzheimer disease.pdf | Recent advances in Alzheimer’s disease mechanisms clinical trials and new drug development strategies.pdf | alzheimer disease  2021.pdf,"B. A preventive dietary strategy. The Mediterranean diet has been linked to a reduced risk of Alzheimer's disease (AD) and is considered a preventive approach to maintain good health and cognitive function (Oxidative damage in neurodegeneration: roles in the pathogenesis and progression of Alzheimer disease, 2023).","B. A preventive dietary strategy. The Mediterranean diet has been linked to a reduced risk of Alzheimer's disease (AD) and is considered a preventive approach to maintain good health and cognitive function (Oxidative damage in neurodegeneration: roles in the pathogenesis and progression of Alzheimer disease, 2023). Additionally, the FINGER study demonstrated that multidomain strategies, including balanced nutrition like the Mediterranean diet, can improve cognitive outcomes in individuals at risk of dementia (Alzheimer disease, 2021)."
5,5,ET-RAG,test.agent_etrag,A5,Full ET-RAG,cosine retrieval + evidence quality + temporal recency + hybrid paper context + per-option retrieval + quality check,0.5,0.3,0.2,1,Which protein is considered a hallmark of Alzheimer’s disease (AD) pathology?,A. α-synuclein | B. Amyloid-beta (Aβ) | C. Huntingtin | D. Dopamine,B,Amyloid-beta (Aβ),B,True,0.754242,7.746,3.749,0.846,41,20,0.583549,True,True,True,False,2023-oxidative-damage-in-neurodegeneration-roles-in-the-pathogenesis-and-progression-of-alzheimer-disease.pdf | 2024 Advancements and Challenges in Antiamyloid Therapy for.pdf | 2024 Cell type-specific roles of APOE4 in Alzheimer disease.pdf | 2024 Neuroinflammation in Alzheimer disease.pdf | alzheimer disease  2021.pdf,"B. Amyloid-beta (Aβ) is considered a hallmark of Alzheimer’s disease (AD) pathology, as it is biologically defined by the presence of β-amyloid-containing plaques and tau-containing neurofibrillary tangles (Alzheimer disease, 2021).","B. Amyloid-beta (Aβ) is considered a hallmark of Alzheimer’s disease (AD) pathology, as it is biologically defined by the presence of β-amyloid-containing plaques and tau-containing neurofibrillary tangles (Alzheimer disease, 2021). The pathology of canonical AD dementia involves Aβ-containing extracellular neuritic plaques found throughout the cerebral cortex and tau-containing neurofibrillary tangles that occur initially in the medial temporal lobe (Alzheimer disease, 2021)."
5,5,ET-RAG,test.agent_etrag,A5,Full ET-RAG,cosine retrieval + evidence quality + temporal recency + hybrid paper context + per-option retrieval + quality check,0.5,0.3,0.2,2,What type of sleep disorder is commonly associated with increased AD risk?,A. Narcolepsy | B. Insomnia | C. Obstructive sleep apnea (OSA) | D. Sleepwalking,C,Obstructive sleep apnea (OSA),C,True,0.735421,7.497,2.329,0.946,22,20,0.529775,True,True,True,False,2023-oxidative-damage-in-neurodegeneration-roles-in-the-pathogenesis-and-progression-of-alzheimer-disease.pdf | 2024 Advancements and Challenges in Antiamyloid Therapy for.pdf | 2024 Cell type-specific roles of APOE4 in Alzheimer disease.pdf | 2024 Immune Activation in Alzheimer Disease.pdf | 2024 Linking activity dyshomeostasis and sleep disturbances in Alzheimer disease.pdf | 2024 Neuroinflammation in Alzheimer disease.pdf | 2025 Updates on mouse models of Alzheimer’s disease.pdf | alzheimer disease  2021.pdf,"C. Obstructive sleep apnea (OSA) is commonly associated with increased AD risk. Sleep disorders, particularly OSA, can exacerbate cognitive decline and are linked to the pathophysiology of Alzheimer's disease (AD) by affecting neuronal activity and sleep homeostasis (Linking activity dyshomeostasis and sleep disturbances in Alzheimer disease, 2024).","C. Obstructive sleep apnea (OSA) is commonly associated with increased AD risk. Sleep disorders, particularly OSA, can exacerbate cognitive decline and are linked to the pathophysiology of Alzheimer's disease (AD) by affecting neuronal activity and sleep homeostasis (Linking activity dyshomeostasis and sleep disturbances in Alzheimer disease, 2024)."
5,5,ET-RAG,test.agent_etrag,A5,Full ET-RAG,cosine retrieval + evidence quality + temporal recency + hybrid paper context + per-option retrieval + quality check,0.5,0.3,0.2,3,Which imaging modality was first introduced to visualize brain amyloid in AD?,A. CT | B. MRI | C. Aβ-PET | D. SPECT,C,Aβ-PET,C,True,0.753407,6.026,2.118,0.966,28,20,0.581162,True,True,True,False,2023-oxidative-damage-in-neurodegeneration-roles-in-the-pathogenesis-and-progression-of-alzheimer-disease.pdf | 2024 Advancements and Challenges in Antiamyloid Therapy for.pdf | 2024 Immune Activation in Alzheimer Disease.pdf | 2024 Neuroinflammation in Alzheimer disease.pdf | 2025 Updates on mouse models of Alzheimer’s disease.pdf | alzheimer disease  2021.pdf,"C. Aβ-PET

The introduction of Aβ-PET imaging in 2004 clarified the roles of FDG-PET and MRI in evaluating patients with cognitive impairment, specifically for visualizing brain amyloid in Alzheimer disease (AD) (Alzheimer disease, 2021).","C. Aβ-PET

The introduction of Aβ-PET imaging in 2004 clarified the roles of FDG-PET and MRI in evaluating patients with cognitive impairment, specifically for visualizing brain amyloid in Alzheimer disease (AD) (Alzheimer disease, 2021). Aβ-PET markers allow for the direct visualization of Aβ plaque accumulation, increasing the precision of AD diagnosis and enabling a real-time view of the evolution of β-amyloidosis over time (Alzheimer disease, 2021)."
5,5,ET-RAG,test.agent_etrag,A5,Full ET-RAG,cosine retrieval + evidence quality + temporal recency + hybrid paper context + per-option retrieval + quality check,0.5,0.3,0.2,4,Which gut-related intervention shows potential for AD treatment?,A. Probiotics | B. Vitamin D | C. Antibiotics | D. Statins,A,Probiotics,A,True,0.742453,6.322,2.325,0.804,8,8,0.549865,True,True,True,False,2023-oxidative-damage-in-neurodegeneration-roles-in-the-pathogenesis-and-progression-of-alzheimer-disease.pdf | 2024 Advancements and Challenges in Antiamyloid Therapy for.pdf | 2024 Immune Activation in Alzheimer Disease.pdf | 2024 Neuroinflammation in Alzheimer disease.pdf | 2025 Updates on mouse models of Alzheimer’s disease.pdf | Recent advances in Alzheimer’s disease mechanisms clinical trials and new drug development strategies.pdf | alzheimer disease  2021.pdf,"A. Probiotics

Probiotics, specifically Bifidobacterium and Lactobacillus species, have shown potential in improving blood-brain barrier integrity and memory deficits in mouse models of Alzheimer's disease (AD) after antibiotic-induced microbiome depletion (Neuroinflammation in Alzheimer disease, 2024).","A. Probiotics

Probiotics, specifically Bifidobacterium and Lactobacillus species, have shown potential in improving blood-brain barrier integrity and memory deficits in mouse models of Alzheimer's disease (AD) after antibiotic-induced microbiome depletion (Neuroinflammation in Alzheimer disease, 2024). Therapy with these probiotics after antibiotic administration improves blood-brain barrier integrity and memory deficits in mouse models of AD (Neuroinflammation in Alzheimer disease, 2024). This suggests that probiotics may play a beneficial role in AD treatment by modulating gut microbiota and enhancing cognitive function."
5,5,ET-RAG,test.agent_etrag,A5,Full ET-RAG,cosine retrieval + evidence quality + temporal recency + hybrid paper context + per-option retrieval + quality check,0.5,0.3,0.2,5,What is the typical spacing used in the Tallapoosa tract for loblolly pine?,A. 4x4 ft | B. 6x6 ft | C. 6x12 ft | D. 8x10 ft,NOT_COVERED,Not Covered,NOT_COVERED,True,0.92,6.004,2.965,0.814,15,15,0.519859,True,True,True,False,2023-oxidative-damage-in-neurodegeneration-roles-in-the-pathogenesis-and-progression-of-alzheimer-disease.pdf | 2024 Advancements and Challenges in Antiamyloid Therapy for.pdf | 2024 Cell type-specific roles of APOE4 in Alzheimer disease.pdf | 2024 Immune Activation in Alzheimer Disease.pdf | 2024 Linking activity dyshomeostasis and sleep disturbances in Alzheimer disease.pdf | 2025 Updates on mouse models of Alzheimer’s disease.pdf | Recent advances in Alzheimer’s disease mechanisms clinical trials and new drug development strategies.pdf | alzheimer disease  2021.pdf,Not covered.,Not covered.
5,5,ET-RAG,test.agent_etrag,A5,Full ET-RAG,cosine retrieval + evidence quality + temporal recency + hybrid paper context + per-option retrieval + quality check,0.5,0.3,0.2,6,The A-T-N biomarker framework includes tau as which letter?,A. A | B. T | C. N | D. None,B,T,B,True,0.746497,7.379,2.46,1.217,22,20,0.561419,True,True,True,False,2023-oxidative-damage-in-neurodegeneration-roles-in-the-pathogenesis-and-progression-of-alzheimer-disease.pdf | 2024 Advancements and Challenges in Antiamyloid Therapy for.pdf | 2024 Cell type-specific roles of APOE4 in Alzheimer disease.pdf | 2024 Immune Activation in Alzheimer Disease.pdf | 2024 Neuroinflammation in Alzheimer disease.pdf | 2025 Updates on mouse models of Alzheimer’s disease.pdf | alzheimer disease  2021.pdf,"B. T

In the A-T-N biomarker framework, tau is represented by the letter ""T,"" indicating abnormal tau protein levels, which are crucial for diagnosing Alzheimer's disease (AD) pathology (Alzheimer disease, 2021).","B. T

In the A-T-N biomarker framework, tau is represented by the letter ""T,"" indicating abnormal tau protein levels, which are crucial for diagnosing Alzheimer's disease (AD) pathology. The framework classifies biomarkers into three categories: amyloid (A), tau (T), and neurodegeneration (N), with tau biomarkers being specifically associated with tau pathology (Alzheimer disease, 2021)."
5,5,ET-RAG,test.agent_etrag,A5,Full ET-RAG,cosine retrieval + evidence quality + temporal recency + hybrid paper context + per-option retrieval + quality check,0.5,0.3,0.2,7,Which age group is most at risk for cognitive disorders–associated AD?,A. <40 years | B. 40–65 years | C. 65–90 years | D. >90 years,D,>90 years,C,False,0.748359,6.1,2.433,1.104,26,20,0.56674,True,True,True,False,2023-oxidative-damage-in-neurodegeneration-roles-in-the-pathogenesis-and-progression-of-alzheimer-disease.pdf | 2024 Linking activity dyshomeostasis and sleep disturbances in Alzheimer disease.pdf | 2024 Neuroinflammation in Alzheimer disease.pdf | 2025 Updates on mouse models of Alzheimer’s disease.pdf | alzheimer disease  2021.pdf,"C. 65–90 years

The prevalence of overt cognitive impairment increases exponentially with advancing age, particularly after 65 years, with the incidence of dementia rising steeply in this age group (Alzheimer disease, 2021). Additionally, the fastest-growing demographic segment at risk for cognitive disorders is the oldest-old group (people aged >90 years), which has the highest risk of multi-aetiology dementia (Alzheimer disease, 2021).","C. 65–90 years

The prevalence of overt cognitive impairment increases exponentially with advancing age, particularly after 65 years, with the incidence of dementia rising steeply in this age group (Alzheimer disease, 2021). Additionally, the fastest-growing demographic segment at risk for cognitive disorders is the oldest-old group (people aged >90 years), which has the highest risk of multi-aetiology dementia (Alzheimer disease, 2021)."
5,5,ET-RAG,test.agent_etrag,A5,Full ET-RAG,cosine retrieval + evidence quality + temporal recency + hybrid paper context + per-option retrieval + quality check,0.5,0.3,0.2,8,Which sleep stage is critical for metabolite clearance from the brain?,A. REM sleep | B. NREM sleep | C. Light sleep | D. Awake state,B,NREM sleep,B,True,0.73527,9.028,3.044,1.153,15,15,0.529342,True,True,True,False,2023-oxidative-damage-in-neurodegeneration-roles-in-the-pathogenesis-and-progression-of-alzheimer-disease.pdf | 2024 Advancements and Challenges in Antiamyloid Therapy for.pdf | 2024 Immune Activation in Alzheimer Disease.pdf | 2024 Linking activity dyshomeostasis and sleep disturbances in Alzheimer disease.pdf | 2025 Updates on mouse models of Alzheimer’s disease.pdf | Recent advances in Alzheimer’s disease mechanisms clinical trials and new drug development strategies.pdf | alzheimer disease  2021.pdf,"B. NREM sleep

NREM sleep is critical for metabolite clearance from the brain, particularly during the glymphatic system's activity, which is enhanced during this sleep stage. This process is essential for the clearance of amyloid-β and other waste products, as highlighted in ""Linking activity dyshomeostasis and sleep disturbances in Alzheimer disease"" (2024).","B. NREM sleep

NREM sleep is critical for metabolite clearance from the brain, particularly during the glymphatic system's activity, which is enhanced during this sleep stage. This process is essential for the clearance of amyloid-β and other waste products, as highlighted in ""Linking activity dyshomeostasis and sleep disturbances in Alzheimer disease"" (2024). The review emphasizes the importance of sleep in maintaining brain health and facilitating the removal of neurotoxic metabolites, underscoring the role of NREM sleep in this critical function."
5,5,ET-RAG,test.agent_etrag,A5,Full ET-RAG,cosine retrieval + evidence quality + temporal recency + hybrid paper context + per-option retrieval + quality check,0.5,0.3,0.2,9,What kind of volume change is associated with hearing loss in AD patients?,A. Increased brain volume | B. Decreased hippocampal volume | C. Increased white matter | D. Enlarged ventricles,B,Decreased hippocampal volume,B,True,0.740705,6.976,3.012,1.027,20,20,0.544871,True,True,True,False,2023-oxidative-damage-in-neurodegeneration-roles-in-the-pathogenesis-and-progression-of-alzheimer-disease.pdf | 2024 Advancements and Challenges in Antiamyloid Therapy for.pdf | 2024 Cell type-specific roles of APOE4 in Alzheimer disease.pdf | 2024 Immune Activation in Alzheimer Disease.pdf | 2024 Linking activity dyshomeostasis and sleep disturbances in Alzheimer disease.pdf | 2024 Neuroinflammation in Alzheimer disease.pdf | 2025 Oligodendrocytes in Alzheimer’s disease pathophysiology.pdf | 2025 Updates on mouse models of Alzheimer’s disease.pdf | Recent advances in Alzheimer’s disease mechanisms clinical trials and new drug development strategies.pdf | alzheimer disease  2021.pdf,"B. Decreased hippocampal volume. 

Hearing loss in Alzheimer's disease patients is associated with decreased hippocampal volume, which reflects the neurodegenerative changes occurring in the brain. This relationship highlights the impact of auditory dysfunction on cognitive decline and brain atrophy in AD patients (Alzheimer disease, 2021).","B. Decreased hippocampal volume. 

Hearing loss in Alzheimer's disease patients is associated with decreased hippocampal volume, reflecting neurodegenerative changes in the brain. This relationship underscores the impact of auditory dysfunction on cognitive decline and brain atrophy in AD patients (Alzheimer disease, 2021)."
5,5,ET-RAG,test.agent_etrag,A5,Full ET-RAG,cosine retrieval + evidence quality + temporal recency + hybrid paper context + per-option retrieval + quality check,0.5,0.3,0.2,10,The Mediterranean diet is primarily considered:,A. A treatment for AD | B. A preventive dietary strategy | C. A high-fat diet | D. A protein-reduction plan,B,A preventive dietary strategy,B,True,0.736015,8.48,2.814,1.176,19,19,0.531472,True,True,True,False,2023-oxidative-damage-in-neurodegeneration-roles-in-the-pathogenesis-and-progression-of-alzheimer-disease.pdf | 2024 Advancements and Challenges in Antiamyloid Therapy for.pdf | 2024 Neuroinflammation in Alzheimer disease.pdf | Recent advances in Alzheimer’s disease mechanisms clinical trials and new drug development strategies.pdf | alzheimer disease  2021.pdf,"B. A preventive dietary strategy. The Mediterranean diet has been linked to a reduced risk of Alzheimer's disease (AD) and is considered a preventive approach to maintain good health and cognitive function (Oxidative damage in neurodegeneration: roles in the pathogenesis and progression of Alzheimer disease, 2023).","B. A preventive dietary strategy. The Mediterranean diet has been linked to a reduced risk of Alzheimer's disease (AD) and is considered a preventive approach to maintain good health and cognitive function (Oxidative damage in neurodegeneration: roles in the pathogenesis and progression of Alzheimer disease, 2023). Additionally, specific dietary patterns, including the Mediterranean diet, have been definitively linked to AD risk, emphasizing the importance of a well-balanced diet for optimizing health and preventing cognitive decline (Oxidative damage in neurodegeneration: roles in the pathogenesis and progression of Alzheimer disease, 2023)."
